condition,round,semdis,id
control,2,1.05267,ego_ctrl_1
control,2,0.94848,ego_ctrl_2
control,2,1.0212,ego_ctrl_3
control,2,0.91427,ego_ctrl_4
control,2,0.9848,ego_ctrl_5
control,2,0.99296,ego_ctrl_6
control,2,0.99964,ego_ctrl_7
control,2,0.98138,ego_ctrl_8
control,2,0.99303,ego_ctrl_9
control,2,0.93396,ego_ctrl_10
control,2,0.97057,ego_ctrl_11
control,2,1.01011,ego_ctrl_12
control,2,0.99486,ego_ctrl_13
control,2,0.9759,ego_ctrl_14
control,2,1.00794,ego_ctrl_15
control,2,0.98522,ego_ctrl_16
control,2,0.99762,ego_ctrl_17
control,2,1.01967,ego_ctrl_18
control,2,0.96008,ego_ctrl_19
control,2,1.05084,ego_ctrl_20
control,2,1.03521,ego_ctrl_21
control,2,1.06301,ego_ctrl_22
control,2,1.04031,ego_ctrl_23
control,2,1.0665,ego_ctrl_24
control,2,1.01029,ego_ctrl_25
control,2,0.97451,ego_ctrl_26
control,2,1.02934,ego_ctrl_27
control,2,1.02919,ego_ctrl_28
control,2,1.04815,ego_ctrl_29
control,2,0.98573,ego_ctrl_30
control,2,1.07576,ego_ctrl_31
control,2,0.98606,ego_ctrl_32
control,2,1.09582,ego_ctrl_33
control,2,0.92484,ego_ctrl_34
control,2,1.0944,ego_ctrl_35
control,2,1.03197,ego_ctrl_36
control,2,1.12394,ego_ctrl_37
control,2,1.04699,ego_ctrl_38
control,2,0.95833,ego_ctrl_39
control,2,1.05601,ego_ctrl_40
control,2,1.10245,ego_ctrl_41
control,2,1.04062,ego_ctrl_42
control,2,1.00768,ego_ctrl_43
control,2,1.04749,ego_ctrl_44
control,2,1.05437,ego_ctrl_45
control,2,1.041,ego_ctrl_46
control,2,1.04913,ego_ctrl_47
control,2,1.04939,ego_ctrl_48
control,2,1.12936,ego_ctrl_49
control,2,1.11205,ego_ctrl_50
control,2,1.10073,ego_ctrl_51
control,2,1.02655,ego_ctrl_52
control,2,1.02082,ego_ctrl_53
control,2,0.98118,ego_ctrl_54
control,2,1.02406,ego_ctrl_55
control,2,1.026,ego_ctrl_56
control,2,1.08097,ego_ctrl_57
control,2,1.07258,ego_ctrl_58
control,2,1.05897,ego_ctrl_59
control,2,1.05332,ego_ctrl_60
control,2,1.14346,ego_ctrl_61
control,2,1.09641,ego_ctrl_62
control,2,1.04216,ego_ctrl_63
control,2,1.05045,ego_ctrl_64
control,2,1.16102,ego_ctrl_65
control,2,1.04202,ego_ctrl_66
control,2,0.97642,ego_ctrl_67
control,2,1.1124,ego_ctrl_68
control,2,1.09802,ego_ctrl_69
control,2,1.08074,ego_ctrl_70
control,2,1.03745,ego_ctrl_71
control,2,1.05431,ego_ctrl_72
control,2,1.00692,ego_ctrl_73
control,2,1.05998,ego_ctrl_74
control,2,1.06586,ego_ctrl_75
control,2,1.04618,ego_ctrl_76
control,2,1.03244,ego_ctrl_77
control,2,1.06626,ego_ctrl_78
control,2,0.97759,ego_ctrl_79
control,2,1.01578,ego_ctrl_80
control,2,1.06015,ego_ctrl_81
control,2,0.97974,ego_ctrl_82
control,2,0.9971,ego_ctrl_83
control,2,1.02273,ego_ctrl_84
control,2,1.10839,ego_ctrl_85
control,2,1.16273,ego_ctrl_86
control,2,1.02163,ego_ctrl_87
control,2,1.07241,ego_ctrl_88
control,2,1.01374,ego_ctrl_89
control,2,1.13454,ego_ctrl_90
control,2,1.12936,ego_ctrl_91
control,2,1.03477,ego_ctrl_92
control,2,0.97393,ego_ctrl_93
control,2,1.11002,ego_ctrl_94
control,2,1.12911,ego_ctrl_95
control,2,1.05577,ego_ctrl_96
control,2,1.08856,ego_ctrl_97
control,2,1.03769,ego_ctrl_98
control,2,1.09837,ego_ctrl_99
control,2,1.11961,ego_ctrl_100
control,2,0.98219,ego_ctrl_101
control,2,1.12226,ego_ctrl_102
control,2,1.02503,ego_ctrl_103
control,2,0.95912,ego_ctrl_104
control,2,0.99977,ego_ctrl_105
control,2,0.97386,ego_ctrl_106
control,2,1.07249,ego_ctrl_107
control,2,1.01254,ego_ctrl_108
control,2,1.07821,ego_ctrl_109
control,2,1.03008,ego_ctrl_110
control,2,0.97578,ego_ctrl_111
control,2,1.00142,ego_ctrl_112
control,2,0.97397,ego_ctrl_113
control,2,1.0194,ego_ctrl_114
control,2,1.05327,ego_ctrl_115
control,2,1.05476,ego_ctrl_116
control,2,0.97526,ego_ctrl_117
control,2,0.9841,ego_ctrl_118
control,2,0.9718,ego_ctrl_119
control,2,1.01767,ego_ctrl_120
control,2,1.11304,ego_ctrl_121
control,2,1.08467,ego_ctrl_122
control,2,1.0869,ego_ctrl_123
control,2,1.10289,ego_ctrl_124
control,2,1.09953,ego_ctrl_125
control,2,1.05254,ego_ctrl_126
control,2,1.0511,ego_ctrl_127
control,2,1.03206,ego_ctrl_128
control,2,1.09969,ego_ctrl_129
control,2,1.05201,ego_ctrl_130
control,2,1.01022,ego_ctrl_131
control,2,1.01464,ego_ctrl_132
control,2,1.11234,ego_ctrl_133
control,2,1.10501,ego_ctrl_134
control,2,1.01641,ego_ctrl_135
control,2,1.01832,ego_ctrl_136
control,2,1.03539,ego_ctrl_137
control,2,1.04646,ego_ctrl_138
control,2,1.01352,ego_ctrl_139
control,2,1.05065,ego_ctrl_140
control,2,1.08457,ego_ctrl_141
control,2,1.04129,ego_ctrl_142
control,2,1.04839,ego_ctrl_143
control,2,1.10905,ego_ctrl_144
control,2,1.1401,ego_ctrl_145
control,2,1.0792,ego_ctrl_146
control,2,0.99799,ego_ctrl_147
control,2,1.10579,ego_ctrl_148
control,2,1.01412,ego_ctrl_149
control,2,1.08646,ego_ctrl_150
control,2,1.08885,ego_ctrl_151
control,2,1.14699,ego_ctrl_152
control,2,0.99548,ego_ctrl_153
control,2,1.05098,ego_ctrl_154
control,2,1.0294,ego_ctrl_155
control,2,1.0647,ego_ctrl_156
control,2,1.02064,ego_ctrl_157
control,2,1.02921,ego_ctrl_158
control,2,1.10781,ego_ctrl_159
control,2,1.02909,ego_ctrl_160
control,2,1.10833,ego_ctrl_161
control,2,1.06894,ego_ctrl_162
control,2,0.98558,ego_ctrl_163
control,2,1.0854,ego_ctrl_164
control,2,1.09802,ego_ctrl_165
control,2,0.99247,ego_ctrl_166
control,2,1.00194,ego_ctrl_167
control,2,1.07444,ego_ctrl_168
control,2,1.0399,ego_ctrl_169
control,2,1.08153,ego_ctrl_170
control,2,1.0015,ego_ctrl_171
control,2,0.93174,ego_ctrl_172
control,2,1.0817,ego_ctrl_173
control,2,1.19999,ego_ctrl_174
control,2,1.06775,ego_ctrl_175
control,2,1.13787,ego_ctrl_176
control,2,0.93434,ego_ctrl_177
control,2,0.97789,ego_ctrl_178
control,2,1.04775,ego_ctrl_179
control,2,1.00124,ego_ctrl_180
treatment,2,1.07885,ego_trt_1
treatment,2,1.05715,ego_trt_2
treatment,2,1.04299,ego_trt_3
treatment,2,0.99585,ego_trt_4
treatment,2,0.95317,ego_trt_5
treatment,2,1.05658,ego_trt_6
treatment,2,1.05288,ego_trt_7
treatment,2,1.04055,ego_trt_8
treatment,2,1.12336,ego_trt_9
treatment,2,1.07283,ego_trt_10
treatment,2,1.08288,ego_trt_11
treatment,2,1.0377,ego_trt_12
treatment,2,1.04939,ego_trt_13
treatment,2,1.08045,ego_trt_14
treatment,2,1.09313,ego_trt_15
treatment,2,0.99599,ego_trt_16
treatment,2,1.03304,ego_trt_17
treatment,2,1.04939,ego_trt_18
treatment,2,1.10592,ego_trt_19
treatment,2,1.10592,ego_trt_20
treatment,2,1.02321,ego_trt_21
treatment,2,1.00052,ego_trt_22
treatment,2,0.99272,ego_trt_23
treatment,2,0.9755,ego_trt_24
treatment,2,1.0698,ego_trt_25
treatment,2,1.01881,ego_trt_26
treatment,2,1.10272,ego_trt_27
treatment,2,1.04649,ego_trt_28
treatment,2,1.05202,ego_trt_29
treatment,2,1.02154,ego_trt_30
treatment,2,1.09802,ego_trt_31
treatment,2,1.0009,ego_trt_32
treatment,2,1.08495,ego_trt_33
treatment,2,0.99118,ego_trt_34
treatment,2,1.02651,ego_trt_35
treatment,2,1.10509,ego_trt_36
treatment,2,1.05412,ego_trt_37
treatment,2,1.09464,ego_trt_38
treatment,2,0.97599,ego_trt_39
treatment,2,1.04378,ego_trt_40
treatment,2,1.09491,ego_trt_41
treatment,2,1.02988,ego_trt_42
treatment,2,0.96191,ego_trt_43
treatment,2,1.05405,ego_trt_44
treatment,2,1.02124,ego_trt_45
treatment,2,1.05634,ego_trt_46
treatment,2,0.99343,ego_trt_47
treatment,2,1.05426,ego_trt_48
treatment,2,0.97844,ego_trt_49
treatment,2,1.0285,ego_trt_50
treatment,2,0.9658,ego_trt_51
treatment,2,1.03373,ego_trt_52
treatment,2,1.16379,ego_trt_53
treatment,2,1.09236,ego_trt_54
treatment,2,1.00514,ego_trt_55
treatment,2,1.0154,ego_trt_56
treatment,2,1.10032,ego_trt_57
treatment,2,0.99066,ego_trt_58
treatment,2,1.09802,ego_trt_59
treatment,2,1.02118,ego_trt_60
treatment,2,0.98753,ego_trt_61
treatment,2,1.10334,ego_trt_62
treatment,2,1.03307,ego_trt_63
treatment,2,1.02085,ego_trt_64
treatment,2,1.05593,ego_trt_65
treatment,2,1.01723,ego_trt_66
treatment,2,1.06424,ego_trt_67
treatment,2,1.02258,ego_trt_68
treatment,2,1.11439,ego_trt_69
treatment,2,1.14524,ego_trt_70
treatment,2,1.01195,ego_trt_71
treatment,2,1.04688,ego_trt_72
treatment,2,1.04004,ego_trt_73
treatment,2,1.01901,ego_trt_74
treatment,2,1.06693,ego_trt_75
treatment,2,1.05825,ego_trt_76
treatment,2,1.14116,ego_trt_77
treatment,2,1.13999,ego_trt_78
treatment,2,1.05018,ego_trt_79
treatment,2,1.07783,ego_trt_80
treatment,2,0.9935,ego_trt_81
treatment,2,0.99173,ego_trt_82
treatment,2,1.02863,ego_trt_83
treatment,2,0.977,ego_trt_84
treatment,2,1.05052,ego_trt_85
treatment,2,0.977,ego_trt_86
treatment,2,1.06023,ego_trt_87
treatment,2,0.9971,ego_trt_88
treatment,2,1.06418,ego_trt_89
treatment,2,1.02087,ego_trt_90
treatment,2,1.06291,ego_trt_91
treatment,2,1.00091,ego_trt_92
treatment,2,1.11477,ego_trt_93
treatment,2,1.10027,ego_trt_94
treatment,2,1.01937,ego_trt_95
treatment,2,1.04886,ego_trt_96
treatment,2,1.09087,ego_trt_97
treatment,2,1.07887,ego_trt_98
treatment,2,1.07488,ego_trt_99
treatment,2,1.04658,ego_trt_100
treatment,2,1.09272,ego_trt_101
treatment,2,1.08401,ego_trt_102
treatment,2,1.02554,ego_trt_103
treatment,2,1.03879,ego_trt_104
treatment,2,1.0506,ego_trt_105
treatment,2,1.01481,ego_trt_106
treatment,2,1.09123,ego_trt_107
treatment,2,1.02937,ego_trt_108
treatment,2,1.09802,ego_trt_109
treatment,2,0.98331,ego_trt_110
treatment,2,1.0345,ego_trt_111
treatment,2,1.07485,ego_trt_112
treatment,2,0.98575,ego_trt_113
treatment,2,1.10592,ego_trt_114
treatment,2,1.0294,ego_trt_115
treatment,2,1.05707,ego_trt_116
treatment,2,1.1127,ego_trt_117
treatment,2,1.04043,ego_trt_118
treatment,2,1.11388,ego_trt_119
treatment,2,1.0206,ego_trt_120
treatment,2,0.95122,ego_trt_121
treatment,2,1.08329,ego_trt_122
treatment,2,0.95857,ego_trt_123
treatment,2,1.06849,ego_trt_124
treatment,2,1.04775,ego_trt_125
treatment,2,1.01893,ego_trt_126
treatment,2,1.00109,ego_trt_127
treatment,2,0.97397,ego_trt_128
treatment,2,1.10592,ego_trt_129
treatment,2,1.08329,ego_trt_130
treatment,2,1.06119,ego_trt_131
treatment,2,1.00065,ego_trt_132
treatment,2,1.08726,ego_trt_133
treatment,2,0.9566,ego_trt_134
treatment,2,1.15757,ego_trt_135
treatment,2,1.05821,ego_trt_136
treatment,2,1.00248,ego_trt_137
treatment,2,1.0869,ego_trt_138
treatment,2,1.08916,ego_trt_139
treatment,2,1.0396,ego_trt_140
treatment,2,1.0608,ego_trt_141
treatment,2,0.98508,ego_trt_142
treatment,2,1.08873,ego_trt_143
treatment,2,1.09227,ego_trt_144
treatment,2,1.07462,ego_trt_145
treatment,2,1.08216,ego_trt_146
treatment,2,1.0715,ego_trt_147
treatment,2,1.04775,ego_trt_148
treatment,2,0.96518,ego_trt_149
treatment,2,1.03863,ego_trt_150
treatment,2,1.02337,ego_trt_151
treatment,2,1.00615,ego_trt_152
treatment,2,1.026,ego_trt_153
treatment,2,1.13588,ego_trt_154
treatment,2,1.00861,ego_trt_155
treatment,2,1.08133,ego_trt_156
treatment,2,1.12813,ego_trt_157
treatment,2,1.02218,ego_trt_158
treatment,2,1.02099,ego_trt_159
treatment,2,1.08494,ego_trt_160
treatment,2,1.02218,ego_trt_161
treatment,2,1.19204,ego_trt_162
treatment,2,1.00157,ego_trt_163
treatment,2,1.06325,ego_trt_164
treatment,2,1.08133,ego_trt_165
treatment,2,1.04961,ego_trt_166
treatment,2,1.04151,ego_trt_167
treatment,2,1.09802,ego_trt_168
treatment,2,1.01784,ego_trt_169
treatment,2,1.0345,ego_trt_170
treatment,2,1.06171,ego_trt_171
treatment,2,1.06789,ego_trt_172
treatment,2,1.00855,ego_trt_173
treatment,2,1.08133,ego_trt_174
treatment,2,1.03068,ego_trt_175
treatment,2,1.15757,ego_trt_176
treatment,2,1.04151,ego_trt_177
treatment,2,1.07444,ego_trt_178
treatment,2,0.99875,ego_trt_179
treatment,2,1.12138,ego_trt_180
control,3,0.98623,ego_ctrl_1
control,3,0.99325,ego_ctrl_2
control,3,1.1232,ego_ctrl_3
control,3,1.01276,ego_ctrl_4
control,3,0.98082,ego_ctrl_5
control,3,0.8811,ego_ctrl_6
control,3,1.03793,ego_ctrl_7
control,3,1.0285,ego_ctrl_8
control,3,1.03921,ego_ctrl_9
control,3,0.95759,ego_ctrl_10
control,3,1.13292,ego_ctrl_11
control,3,1.02554,ego_ctrl_12
control,3,1.01039,ego_ctrl_13
control,3,0.98044,ego_ctrl_14
control,3,0.9515,ego_ctrl_15
control,3,1.00156,ego_ctrl_16
control,3,0.98446,ego_ctrl_17
control,3,0.89659,ego_ctrl_18
control,3,1.10421,ego_ctrl_19
control,3,1.03517,ego_ctrl_20
control,3,1.05768,ego_ctrl_21
control,3,0.95457,ego_ctrl_22
control,3,0.97286,ego_ctrl_23
control,3,1.08015,ego_ctrl_24
control,3,1.11367,ego_ctrl_25
control,3,0.96374,ego_ctrl_26
control,3,1.1155,ego_ctrl_27
control,3,1.09601,ego_ctrl_28
control,3,0.96278,ego_ctrl_29
control,3,1.0862,ego_ctrl_30
control,3,1.07568,ego_ctrl_31
control,3,1.03884,ego_ctrl_32
control,3,0.95717,ego_ctrl_33
control,3,1.04565,ego_ctrl_34
control,3,1.01467,ego_ctrl_35
control,3,1.07413,ego_ctrl_36
control,3,1.04869,ego_ctrl_37
control,3,0.96289,ego_ctrl_38
control,3,1.0688,ego_ctrl_39
control,3,1.0365,ego_ctrl_40
control,3,1.05091,ego_ctrl_41
control,3,1.01889,ego_ctrl_42
control,3,1.06275,ego_ctrl_43
control,3,1.07518,ego_ctrl_44
control,3,1.13076,ego_ctrl_45
control,3,1.07795,ego_ctrl_46
control,3,1.08604,ego_ctrl_47
control,3,1.09603,ego_ctrl_48
control,3,1.01596,ego_ctrl_49
control,3,1.05234,ego_ctrl_50
control,3,1.09331,ego_ctrl_51
control,3,1.04417,ego_ctrl_52
control,3,1.05754,ego_ctrl_53
control,3,0.92134,ego_ctrl_54
control,3,1.06231,ego_ctrl_55
control,3,1.06134,ego_ctrl_56
control,3,0.97347,ego_ctrl_57
control,3,1.1415,ego_ctrl_58
control,3,0.97768,ego_ctrl_59
control,3,1.1407,ego_ctrl_60
control,3,0.99712,ego_ctrl_61
control,3,1.07168,ego_ctrl_62
control,3,1.06586,ego_ctrl_63
control,3,1.14824,ego_ctrl_64
control,3,1.04869,ego_ctrl_65
control,3,1.04448,ego_ctrl_66
control,3,1.08821,ego_ctrl_67
control,3,1.10823,ego_ctrl_68
control,3,0.99559,ego_ctrl_69
control,3,0.98004,ego_ctrl_70
control,3,1.07775,ego_ctrl_71
control,3,1.03481,ego_ctrl_72
control,3,1.08956,ego_ctrl_73
control,3,1.0521,ego_ctrl_74
control,3,1.0509,ego_ctrl_75
control,3,1.10032,ego_ctrl_76
control,3,1.0576,ego_ctrl_77
control,3,0.97538,ego_ctrl_78
control,3,1.03523,ego_ctrl_79
control,3,1.08212,ego_ctrl_80
control,3,1.05376,ego_ctrl_81
control,3,1.03156,ego_ctrl_82
control,3,0.97843,ego_ctrl_83
control,3,1.13162,ego_ctrl_84
control,3,1.16006,ego_ctrl_85
control,3,1.06554,ego_ctrl_86
control,3,1.02583,ego_ctrl_87
control,3,0.90864,ego_ctrl_88
control,3,1.04717,ego_ctrl_89
control,3,1.07838,ego_ctrl_90
control,3,1.03953,ego_ctrl_91
control,3,1.02683,ego_ctrl_92
control,3,0.85885,ego_ctrl_93
control,3,0.99357,ego_ctrl_94
control,3,0.98492,ego_ctrl_95
control,3,1.06667,ego_ctrl_96
control,3,1.06608,ego_ctrl_97
control,3,1.00546,ego_ctrl_98
control,3,1.0157,ego_ctrl_99
control,3,1.03951,ego_ctrl_100
control,3,1.10623,ego_ctrl_101
control,3,1.00441,ego_ctrl_102
control,3,1.04177,ego_ctrl_103
control,3,1.07413,ego_ctrl_104
control,3,1.0618,ego_ctrl_105
control,3,1.07413,ego_ctrl_106
control,3,0.99198,ego_ctrl_107
control,3,1.00647,ego_ctrl_108
control,3,1.01752,ego_ctrl_109
control,3,1.06973,ego_ctrl_110
control,3,1.07413,ego_ctrl_111
control,3,1.07752,ego_ctrl_112
control,3,1.09747,ego_ctrl_113
control,3,0.97457,ego_ctrl_114
control,3,1.00956,ego_ctrl_115
control,3,1.0218,ego_ctrl_116
control,3,1.09969,ego_ctrl_117
control,3,1.03823,ego_ctrl_118
control,3,1.07168,ego_ctrl_119
control,3,1.03153,ego_ctrl_120
control,3,1.15617,ego_ctrl_121
control,3,1.07413,ego_ctrl_122
control,3,1.11198,ego_ctrl_123
control,3,1.15077,ego_ctrl_124
control,3,1.06298,ego_ctrl_125
control,3,1.09049,ego_ctrl_126
control,3,1.01005,ego_ctrl_127
control,3,0.98237,ego_ctrl_128
control,3,1.02285,ego_ctrl_129
control,3,1.07914,ego_ctrl_130
control,3,1.06986,ego_ctrl_131
control,3,0.99758,ego_ctrl_132
control,3,0.94362,ego_ctrl_133
control,3,1.02974,ego_ctrl_134
control,3,0.97665,ego_ctrl_135
control,3,0.99107,ego_ctrl_136
control,3,1.00265,ego_ctrl_137
control,3,1.02272,ego_ctrl_138
control,3,1.10662,ego_ctrl_139
control,3,1.04565,ego_ctrl_140
control,3,1.0981,ego_ctrl_141
control,3,0.96545,ego_ctrl_142
control,3,1.03517,ego_ctrl_143
control,3,1.1368,ego_ctrl_144
control,3,1.05027,ego_ctrl_145
control,3,0.99422,ego_ctrl_146
control,3,0.97484,ego_ctrl_147
control,3,1.06238,ego_ctrl_148
control,3,1.03024,ego_ctrl_149
control,3,1.07967,ego_ctrl_150
control,3,1.09684,ego_ctrl_151
control,3,1.04671,ego_ctrl_152
control,3,0.9815,ego_ctrl_153
control,3,1.13083,ego_ctrl_154
control,3,0.97128,ego_ctrl_155
control,3,1.04869,ego_ctrl_156
control,3,0.99967,ego_ctrl_157
control,3,1.07352,ego_ctrl_158
control,3,1.05864,ego_ctrl_159
control,3,0.99288,ego_ctrl_160
control,3,1.03995,ego_ctrl_161
control,3,1.0524,ego_ctrl_162
control,3,0.96871,ego_ctrl_163
control,3,0.98541,ego_ctrl_164
control,3,1.04869,ego_ctrl_165
control,3,1.13327,ego_ctrl_166
control,3,0.94414,ego_ctrl_167
control,3,0.96145,ego_ctrl_168
control,3,1.05598,ego_ctrl_169
control,3,1.02285,ego_ctrl_170
control,3,1.04305,ego_ctrl_171
control,3,1.05776,ego_ctrl_172
control,3,1.01368,ego_ctrl_173
control,3,1.0531,ego_ctrl_174
control,3,1.12567,ego_ctrl_175
control,3,0.9515,ego_ctrl_176
control,3,1.03949,ego_ctrl_177
control,3,1.07124,ego_ctrl_178
control,3,1.04661,ego_ctrl_179
control,3,1.03258,ego_ctrl_180
treatment,3,1.08495,ego_trt_1
treatment,3,0.9998,ego_trt_2
treatment,3,1.06294,ego_trt_3
treatment,3,1.01295,ego_trt_4
treatment,3,1.0047,ego_trt_5
treatment,3,1.01732,ego_trt_6
treatment,3,1.07132,ego_trt_7
treatment,3,1.06069,ego_trt_8
treatment,3,1.14165,ego_trt_9
treatment,3,1.09506,ego_trt_10
treatment,3,1.04795,ego_trt_11
treatment,3,0.96278,ego_trt_12
treatment,3,1.02465,ego_trt_13
treatment,3,1.00538,ego_trt_14
treatment,3,1.10114,ego_trt_15
treatment,3,1.12627,ego_trt_16
treatment,3,1.05432,ego_trt_17
treatment,3,1.06298,ego_trt_18
treatment,3,0.98967,ego_trt_19
treatment,3,1.05431,ego_trt_20
treatment,3,1.03093,ego_trt_21
treatment,3,1.02315,ego_trt_22
treatment,3,0.99594,ego_trt_23
treatment,3,0.9769,ego_trt_24
treatment,3,1.04472,ego_trt_25
treatment,3,1.10391,ego_trt_26
treatment,3,1.06494,ego_trt_27
treatment,3,1.03144,ego_trt_28
treatment,3,1.1368,ego_trt_29
treatment,3,1.00554,ego_trt_30
treatment,3,1.07413,ego_trt_31
treatment,3,0.95289,ego_trt_32
treatment,3,1.07211,ego_trt_33
treatment,3,1.00632,ego_trt_34
treatment,3,1.07838,ego_trt_35
treatment,3,1.00097,ego_trt_36
treatment,3,1.05453,ego_trt_37
treatment,3,1.03654,ego_trt_38
treatment,3,1.0887,ego_trt_39
treatment,3,0.99377,ego_trt_40
treatment,3,1.0824,ego_trt_41
treatment,3,0.96802,ego_trt_42
treatment,3,0.99925,ego_trt_43
treatment,3,1.05087,ego_trt_44
treatment,3,1.02574,ego_trt_45
treatment,3,1.03401,ego_trt_46
treatment,3,1.0656,ego_trt_47
treatment,3,1.04127,ego_trt_48
treatment,3,1.04939,ego_trt_49
treatment,3,1.11684,ego_trt_50
treatment,3,0.9654,ego_trt_51
treatment,3,1.0534,ego_trt_52
treatment,3,1.07168,ego_trt_53
treatment,3,1.07869,ego_trt_54
treatment,3,1.09893,ego_trt_55
treatment,3,1.0051,ego_trt_56
treatment,3,1.03517,ego_trt_57
treatment,3,1.04725,ego_trt_58
treatment,3,1.07439,ego_trt_59
treatment,3,1.05972,ego_trt_60
treatment,3,1.05998,ego_trt_61
treatment,3,1.02802,ego_trt_62
treatment,3,1.01993,ego_trt_63
treatment,3,0.92442,ego_trt_64
treatment,3,1.02787,ego_trt_65
treatment,3,1.12315,ego_trt_66
treatment,3,1.05265,ego_trt_67
treatment,3,0.97797,ego_trt_68
treatment,3,1.03992,ego_trt_69
treatment,3,1.00974,ego_trt_70
treatment,3,1.00206,ego_trt_71
treatment,3,1.16935,ego_trt_72
treatment,3,1.06231,ego_trt_73
treatment,3,1.02048,ego_trt_74
treatment,3,1.03381,ego_trt_75
treatment,3,1.00893,ego_trt_76
treatment,3,1.07598,ego_trt_77
treatment,3,0.94603,ego_trt_78
treatment,3,1.03464,ego_trt_79
treatment,3,0.98961,ego_trt_80
treatment,3,1.01488,ego_trt_81
treatment,3,1.11503,ego_trt_82
treatment,3,1.10038,ego_trt_83
treatment,3,1.035,ego_trt_84
treatment,3,1.07325,ego_trt_85
treatment,3,1.11198,ego_trt_86
treatment,3,1.06572,ego_trt_87
treatment,3,0.97023,ego_trt_88
treatment,3,1.07168,ego_trt_89
treatment,3,1.06335,ego_trt_90
treatment,3,1.07319,ego_trt_91
treatment,3,1.05031,ego_trt_92
treatment,3,1.03517,ego_trt_93
treatment,3,1.02002,ego_trt_94
treatment,3,1.00168,ego_trt_95
treatment,3,0.99701,ego_trt_96
treatment,3,1.05325,ego_trt_97
treatment,3,1.04173,ego_trt_98
treatment,3,1.08187,ego_trt_99
treatment,3,1.14831,ego_trt_100
treatment,3,1.03941,ego_trt_101
treatment,3,1.01166,ego_trt_102
treatment,3,1.1271,ego_trt_103
treatment,3,1.08415,ego_trt_104
treatment,3,1.04905,ego_trt_105
treatment,3,1.16012,ego_trt_106
treatment,3,1.06632,ego_trt_107
treatment,3,1.06603,ego_trt_108
treatment,3,1.13551,ego_trt_109
treatment,3,1.04111,ego_trt_110
treatment,3,1.02757,ego_trt_111
treatment,3,1.04869,ego_trt_112
treatment,3,1.03074,ego_trt_113
treatment,3,1.07383,ego_trt_114
treatment,3,1.02167,ego_trt_115
treatment,3,1.02818,ego_trt_116
treatment,3,0.96766,ego_trt_117
treatment,3,0.94015,ego_trt_118
treatment,3,1.10507,ego_trt_119
treatment,3,1.01589,ego_trt_120
treatment,3,1.02252,ego_trt_121
treatment,3,1.07838,ego_trt_122
treatment,3,0.99704,ego_trt_123
treatment,3,1.18489,ego_trt_124
treatment,3,0.97023,ego_trt_125
treatment,3,1.06294,ego_trt_126
treatment,3,1.00458,ego_trt_127
treatment,3,0.96859,ego_trt_128
treatment,3,1.0688,ego_trt_129
treatment,3,1.04063,ego_trt_130
treatment,3,1.14729,ego_trt_131
treatment,3,1.0765,ego_trt_132
treatment,3,1.07368,ego_trt_133
treatment,3,1.04361,ego_trt_134
treatment,3,1.0688,ego_trt_135
treatment,3,1.08063,ego_trt_136
treatment,3,1.05879,ego_trt_137
treatment,3,1.11198,ego_trt_138
treatment,3,1.04869,ego_trt_139
treatment,3,1.02874,ego_trt_140
treatment,3,1.04869,ego_trt_141
treatment,3,1.03494,ego_trt_142
treatment,3,0.99381,ego_trt_143
treatment,3,1.05692,ego_trt_144
treatment,3,0.99257,ego_trt_145
treatment,3,1.04393,ego_trt_146
treatment,3,1.0415,ego_trt_147
treatment,3,0.96721,ego_trt_148
treatment,3,1.00947,ego_trt_149
treatment,3,1.07159,ego_trt_150
treatment,3,1.07732,ego_trt_151
treatment,3,1.1008,ego_trt_152
treatment,3,1.05776,ego_trt_153
treatment,3,1.00659,ego_trt_154
treatment,3,0.95524,ego_trt_155
treatment,3,1.08961,ego_trt_156
treatment,3,1.07847,ego_trt_157
treatment,3,1.0397,ego_trt_158
treatment,3,1.04235,ego_trt_159
treatment,3,1.03068,ego_trt_160
treatment,3,0.98291,ego_trt_161
treatment,3,0.9515,ego_trt_162
treatment,3,1.12065,ego_trt_163
treatment,3,1.08961,ego_trt_164
treatment,3,1.03517,ego_trt_165
treatment,3,1.03046,ego_trt_166
treatment,3,0.9992,ego_trt_167
treatment,3,0.96902,ego_trt_168
treatment,3,1.01425,ego_trt_169
treatment,3,1.0577,ego_trt_170
treatment,3,1.06631,ego_trt_171
treatment,3,1.06192,ego_trt_172
treatment,3,1.04238,ego_trt_173
treatment,3,1.04235,ego_trt_174
treatment,3,1.04661,ego_trt_175
treatment,3,1.04869,ego_trt_176
treatment,3,1.04869,ego_trt_177
treatment,3,1.02343,ego_trt_178
treatment,3,1.01041,ego_trt_179
treatment,3,1.02377,ego_trt_180
control,4,1.06306,ego_ctrl_1
control,4,0.96672,ego_ctrl_2
control,4,1.03609,ego_ctrl_3
control,4,1.10177,ego_ctrl_4
control,4,0.93263,ego_ctrl_5
control,4,1.04762,ego_ctrl_6
control,4,1.10151,ego_ctrl_7
control,4,1.03785,ego_ctrl_8
control,4,1.06154,ego_ctrl_9
control,4,0.99136,ego_ctrl_10
control,4,1.0554,ego_ctrl_11
control,4,1.07465,ego_ctrl_12
control,4,1.0409,ego_ctrl_13
control,4,1.05995,ego_ctrl_14
control,4,1.14791,ego_ctrl_15
control,4,1.0338,ego_ctrl_16
control,4,1.08301,ego_ctrl_17
control,4,0.92073,ego_ctrl_18
control,4,1.12675,ego_ctrl_19
control,4,0.94969,ego_ctrl_20
control,4,1.08996,ego_ctrl_21
control,4,1.10291,ego_ctrl_22
control,4,1.10991,ego_ctrl_23
control,4,1.15146,ego_ctrl_24
control,4,1.08871,ego_ctrl_25
control,4,1.0277,ego_ctrl_26
control,4,1.04776,ego_ctrl_27
control,4,1.01553,ego_ctrl_28
control,4,1.13555,ego_ctrl_29
control,4,1.07863,ego_ctrl_30
control,4,1.11539,ego_ctrl_31
control,4,1.00721,ego_ctrl_32
control,4,1.10335,ego_ctrl_33
control,4,1.01541,ego_ctrl_34
control,4,1.21783,ego_ctrl_35
control,4,1.04797,ego_ctrl_36
control,4,1.08143,ego_ctrl_37
control,4,1.11887,ego_ctrl_38
control,4,1.08143,ego_ctrl_39
control,4,1.0249,ego_ctrl_40
control,4,1.04735,ego_ctrl_41
control,4,1.07785,ego_ctrl_42
control,4,1.03611,ego_ctrl_43
control,4,1.05901,ego_ctrl_44
control,4,1.06258,ego_ctrl_45
control,4,1.16909,ego_ctrl_46
control,4,1.05115,ego_ctrl_47
control,4,1.06394,ego_ctrl_48
control,4,0.95713,ego_ctrl_49
control,4,1.0335,ego_ctrl_50
control,4,1.09043,ego_ctrl_51
control,4,0.92278,ego_ctrl_52
control,4,1.18801,ego_ctrl_53
control,4,1.06043,ego_ctrl_54
control,4,1.13472,ego_ctrl_55
control,4,0.97107,ego_ctrl_56
control,4,1.02834,ego_ctrl_57
control,4,0.98416,ego_ctrl_58
control,4,1.0858,ego_ctrl_59
control,4,1.15017,ego_ctrl_60
control,4,1.18227,ego_ctrl_61
control,4,1.0844,ego_ctrl_62
control,4,1.01029,ego_ctrl_63
control,4,1.2314,ego_ctrl_64
control,4,1.06154,ego_ctrl_65
control,4,0.99963,ego_ctrl_66
control,4,1.17598,ego_ctrl_67
control,4,1.15375,ego_ctrl_68
control,4,1.06805,ego_ctrl_69
control,4,1.0681,ego_ctrl_70
control,4,1.06375,ego_ctrl_71
control,4,1.02219,ego_ctrl_72
control,4,1.14665,ego_ctrl_73
control,4,1.14434,ego_ctrl_74
control,4,1.02552,ego_ctrl_75
control,4,1.07698,ego_ctrl_76
control,4,1.06855,ego_ctrl_77
control,4,1.16723,ego_ctrl_78
control,4,1.2757,ego_ctrl_79
control,4,0.95573,ego_ctrl_80
control,4,0.91236,ego_ctrl_81
control,4,1.05095,ego_ctrl_82
control,4,1.14406,ego_ctrl_83
control,4,1.19961,ego_ctrl_84
control,4,1.01052,ego_ctrl_85
control,4,1.14929,ego_ctrl_86
control,4,1.0858,ego_ctrl_87
control,4,1.11268,ego_ctrl_88
control,4,1.0189,ego_ctrl_89
control,4,1.00548,ego_ctrl_90
control,4,0.93097,ego_ctrl_91
control,4,0.98586,ego_ctrl_92
control,4,1.14591,ego_ctrl_93
control,4,1.01121,ego_ctrl_94
control,4,1.00334,ego_ctrl_95
control,4,1.27707,ego_ctrl_96
control,4,1.05916,ego_ctrl_97
control,4,1.07481,ego_ctrl_98
control,4,1.06611,ego_ctrl_99
control,4,0.96987,ego_ctrl_100
control,4,1.06486,ego_ctrl_101
control,4,1.09094,ego_ctrl_102
control,4,1.12867,ego_ctrl_103
control,4,1.05179,ego_ctrl_104
control,4,1.11925,ego_ctrl_105
control,4,1.09899,ego_ctrl_106
control,4,1.23365,ego_ctrl_107
control,4,0.98989,ego_ctrl_108
control,4,0.96785,ego_ctrl_109
control,4,1.07224,ego_ctrl_110
control,4,1.19456,ego_ctrl_111
control,4,1.10567,ego_ctrl_112
control,4,1.03109,ego_ctrl_113
control,4,1.08759,ego_ctrl_114
control,4,0.9627,ego_ctrl_115
control,4,1.0277,ego_ctrl_116
control,4,1.02855,ego_ctrl_117
control,4,1.1305,ego_ctrl_118
control,4,1.02511,ego_ctrl_119
control,4,1.10491,ego_ctrl_120
control,4,1.1802,ego_ctrl_121
control,4,1.00536,ego_ctrl_122
control,4,1.01888,ego_ctrl_123
control,4,1.06319,ego_ctrl_124
control,4,1.02764,ego_ctrl_125
control,4,1.08925,ego_ctrl_126
control,4,1.05412,ego_ctrl_127
control,4,0.9728,ego_ctrl_128
control,4,1.10773,ego_ctrl_129
control,4,1.04425,ego_ctrl_130
control,4,1.08237,ego_ctrl_131
control,4,1.12944,ego_ctrl_132
control,4,1.08811,ego_ctrl_133
control,4,1.0639,ego_ctrl_134
control,4,1.04038,ego_ctrl_135
control,4,0.96092,ego_ctrl_136
control,4,1.08593,ego_ctrl_137
control,4,1.16388,ego_ctrl_138
control,4,0.98502,ego_ctrl_139
control,4,1.04412,ego_ctrl_140
control,4,1.13555,ego_ctrl_141
control,4,0,ego_ctrl_142
control,4,0.99688,ego_ctrl_143
control,4,1.00347,ego_ctrl_144
control,4,1.05504,ego_ctrl_145
control,4,0.99783,ego_ctrl_146
control,4,1.04995,ego_ctrl_147
control,4,1.16575,ego_ctrl_148
control,4,1.07636,ego_ctrl_149
control,4,0.99783,ego_ctrl_150
control,4,1.26128,ego_ctrl_151
control,4,1.07202,ego_ctrl_152
control,4,1.139,ego_ctrl_153
control,4,1.05322,ego_ctrl_154
control,4,1.03453,ego_ctrl_155
control,4,0.96938,ego_ctrl_156
control,4,1.09572,ego_ctrl_157
control,4,1.06631,ego_ctrl_158
control,4,1.09913,ego_ctrl_159
control,4,1.05477,ego_ctrl_160
control,4,1.05213,ego_ctrl_161
control,4,1.05597,ego_ctrl_162
control,4,1.08264,ego_ctrl_163
control,4,1.10052,ego_ctrl_164
control,4,0.96902,ego_ctrl_165
control,4,1.06561,ego_ctrl_166
control,4,1.08712,ego_ctrl_167
control,4,0.96364,ego_ctrl_168
control,4,1.07993,ego_ctrl_169
control,4,1.07295,ego_ctrl_170
control,4,1.17553,ego_ctrl_171
control,4,1.09213,ego_ctrl_172
control,4,1.12494,ego_ctrl_173
control,4,1.05691,ego_ctrl_174
control,4,1.06318,ego_ctrl_175
control,4,1.06965,ego_ctrl_176
control,4,0.9377,ego_ctrl_177
control,4,1.04952,ego_ctrl_178
control,4,1.05919,ego_ctrl_179
control,4,1.09877,ego_ctrl_180
treatment,4,1.11311,ego_trt_1
treatment,4,1.0623,ego_trt_2
treatment,4,1.10007,ego_trt_3
treatment,4,1.24628,ego_trt_4
treatment,4,1.11331,ego_trt_5
treatment,4,1.05693,ego_trt_6
treatment,4,1.02611,ego_trt_7
treatment,4,1.00192,ego_trt_8
treatment,4,1.02012,ego_trt_9
treatment,4,1.04183,ego_trt_10
treatment,4,1.13308,ego_trt_11
treatment,4,1.05042,ego_trt_12
treatment,4,1.07737,ego_trt_13
treatment,4,0.94392,ego_trt_14
treatment,4,1.06624,ego_trt_15
treatment,4,0.98284,ego_trt_16
treatment,4,1.00367,ego_trt_17
treatment,4,1.0383,ego_trt_18
treatment,4,1.28816,ego_trt_19
treatment,4,1.0277,ego_trt_20
treatment,4,1.04069,ego_trt_21
treatment,4,0.9862,ego_trt_22
treatment,4,1.03199,ego_trt_23
treatment,4,1.0183,ego_trt_24
treatment,4,1.11826,ego_trt_25
treatment,4,1.10461,ego_trt_26
treatment,4,1.12895,ego_trt_27
treatment,4,1.02525,ego_trt_28
treatment,4,1.14591,ego_trt_29
treatment,4,1.06151,ego_trt_30
treatment,4,1.13335,ego_trt_31
treatment,4,1.08056,ego_trt_32
treatment,4,1.13362,ego_trt_33
treatment,4,1.07818,ego_trt_34
treatment,4,1.15887,ego_trt_35
treatment,4,0.99365,ego_trt_36
treatment,4,1.07108,ego_trt_37
treatment,4,1.03156,ego_trt_38
treatment,4,1.05677,ego_trt_39
treatment,4,0.97541,ego_trt_40
treatment,4,1.02899,ego_trt_41
treatment,4,1.28229,ego_trt_42
treatment,4,1.14317,ego_trt_43
treatment,4,0.94171,ego_trt_44
treatment,4,0.9743,ego_trt_45
treatment,4,1.09068,ego_trt_46
treatment,4,1.05978,ego_trt_47
treatment,4,1.14634,ego_trt_48
treatment,4,1.07768,ego_trt_49
treatment,4,1.19833,ego_trt_50
treatment,4,1.07954,ego_trt_51
treatment,4,0.98226,ego_trt_52
treatment,4,1.01932,ego_trt_53
treatment,4,0.99227,ego_trt_54
treatment,4,1.06435,ego_trt_55
treatment,4,1.01099,ego_trt_56
treatment,4,1.02686,ego_trt_57
treatment,4,1.01548,ego_trt_58
treatment,4,1.07154,ego_trt_59
treatment,4,1.08808,ego_trt_60
treatment,4,1.16356,ego_trt_61
treatment,4,1.09087,ego_trt_62
treatment,4,1.07132,ego_trt_63
treatment,4,1.01293,ego_trt_64
treatment,4,1.17912,ego_trt_65
treatment,4,1.07331,ego_trt_66
treatment,4,1.12529,ego_trt_67
treatment,4,1.10309,ego_trt_68
treatment,4,1.0653,ego_trt_69
treatment,4,1.15183,ego_trt_70
treatment,4,1.06693,ego_trt_71
treatment,4,0.97047,ego_trt_72
treatment,4,1.17225,ego_trt_73
treatment,4,1.13653,ego_trt_74
treatment,4,1.03967,ego_trt_75
treatment,4,1.13555,ego_trt_76
treatment,4,1.05835,ego_trt_77
treatment,4,1.04378,ego_trt_78
treatment,4,1.08007,ego_trt_79
treatment,4,1.08646,ego_trt_80
treatment,4,1.12611,ego_trt_81
treatment,4,1.2731,ego_trt_82
treatment,4,1.0937,ego_trt_83
treatment,4,1.04771,ego_trt_84
treatment,4,1.02795,ego_trt_85
treatment,4,1.01888,ego_trt_86
treatment,4,1.03861,ego_trt_87
treatment,4,1.06287,ego_trt_88
treatment,4,1.13074,ego_trt_89
treatment,4,1.11096,ego_trt_90
treatment,4,1.04097,ego_trt_91
treatment,4,1.11363,ego_trt_92
treatment,4,1.10003,ego_trt_93
treatment,4,1.07049,ego_trt_94
treatment,4,1.11451,ego_trt_95
treatment,4,1.04542,ego_trt_96
treatment,4,1.06938,ego_trt_97
treatment,4,1.06314,ego_trt_98
treatment,4,1.10444,ego_trt_99
treatment,4,1.10795,ego_trt_100
treatment,4,1.01933,ego_trt_101
treatment,4,1.06994,ego_trt_102
treatment,4,1.09226,ego_trt_103
treatment,4,1.03109,ego_trt_104
treatment,4,1.06368,ego_trt_105
treatment,4,1.09298,ego_trt_106
treatment,4,1.03428,ego_trt_107
treatment,4,1.31973,ego_trt_108
treatment,4,1.06183,ego_trt_109
treatment,4,1.02388,ego_trt_110
treatment,4,1.06472,ego_trt_111
treatment,4,1.03109,ego_trt_112
treatment,4,0.93811,ego_trt_113
treatment,4,1.14671,ego_trt_114
treatment,4,1.05076,ego_trt_115
treatment,4,1.08651,ego_trt_116
treatment,4,1.06407,ego_trt_117
treatment,4,0.96238,ego_trt_118
treatment,4,0.95481,ego_trt_119
treatment,4,1.26184,ego_trt_120
treatment,4,1.14335,ego_trt_121
treatment,4,1.06241,ego_trt_122
treatment,4,1.00548,ego_trt_123
treatment,4,1.04481,ego_trt_124
treatment,4,1.0686,ego_trt_125
treatment,4,1.07556,ego_trt_126
treatment,4,1.03986,ego_trt_127
treatment,4,1.16519,ego_trt_128
treatment,4,1.16519,ego_trt_129
treatment,4,1.0735,ego_trt_130
treatment,4,1.08155,ego_trt_131
treatment,4,1.04295,ego_trt_132
treatment,4,1.11043,ego_trt_133
treatment,4,0.994,ego_trt_134
treatment,4,1.06519,ego_trt_135
treatment,4,1.15236,ego_trt_136
treatment,4,1.02665,ego_trt_137
treatment,4,1.01888,ego_trt_138
treatment,4,1.10018,ego_trt_139
treatment,4,1.12769,ego_trt_140
treatment,4,1.06287,ego_trt_141
treatment,4,1.12769,ego_trt_142
treatment,4,1.03798,ego_trt_143
treatment,4,1.09108,ego_trt_144
treatment,4,1.01973,ego_trt_145
treatment,4,1.28334,ego_trt_146
treatment,4,1.20384,ego_trt_147
treatment,4,1.11656,ego_trt_148
treatment,4,1.10387,ego_trt_149
treatment,4,1.0335,ego_trt_150
treatment,4,1.02051,ego_trt_151
treatment,4,1.07,ego_trt_152
treatment,4,1.13993,ego_trt_153
treatment,4,1.02063,ego_trt_154
treatment,4,1.04557,ego_trt_155
treatment,4,0.99754,ego_trt_156
treatment,4,1.13629,ego_trt_157
treatment,4,1.07149,ego_trt_158
treatment,4,1.08412,ego_trt_159
treatment,4,1.02949,ego_trt_160
treatment,4,1.07149,ego_trt_161
treatment,4,1.06965,ego_trt_162
treatment,4,1.08957,ego_trt_163
treatment,4,1.04002,ego_trt_164
treatment,4,1.06965,ego_trt_165
treatment,4,1.19089,ego_trt_166
treatment,4,1.09831,ego_trt_167
treatment,4,1.15183,ego_trt_168
treatment,4,1.06519,ego_trt_169
treatment,4,0.99628,ego_trt_170
treatment,4,1.06154,ego_trt_171
treatment,4,1.11604,ego_trt_172
treatment,4,1.13732,ego_trt_173
treatment,4,1.06965,ego_trt_174
treatment,4,1.10641,ego_trt_175
treatment,4,1.07659,ego_trt_176
treatment,4,1.04116,ego_trt_177
treatment,4,0.99407,ego_trt_178
treatment,4,1.10811,ego_trt_179
treatment,4,1.01352,ego_trt_180
control,5,1.16231,ego_ctrl_1
control,5,0.97237,ego_ctrl_2
control,5,1.0593,ego_ctrl_3
control,5,1.05585,ego_ctrl_4
control,5,1.13006,ego_ctrl_5
control,5,1.03963,ego_ctrl_6
control,5,1.01645,ego_ctrl_7
control,5,1.1734,ego_ctrl_8
control,5,1.10681,ego_ctrl_9
control,5,1.00471,ego_ctrl_10
control,5,1.11795,ego_ctrl_11
control,5,1.02443,ego_ctrl_12
control,5,1.07265,ego_ctrl_13
control,5,0.92793,ego_ctrl_14
control,5,1.04314,ego_ctrl_15
control,5,1.09767,ego_ctrl_16
control,5,1.01962,ego_ctrl_17
control,5,0.91593,ego_ctrl_18
control,5,1.20301,ego_ctrl_19
control,5,1.07737,ego_ctrl_20
control,5,0.93561,ego_ctrl_21
control,5,0.9996,ego_ctrl_22
control,5,1.06676,ego_ctrl_23
control,5,1.047,ego_ctrl_24
control,5,1.18443,ego_ctrl_25
control,5,1.0448,ego_ctrl_26
control,5,1.23809,ego_ctrl_27
control,5,1.16084,ego_ctrl_28
control,5,1.08159,ego_ctrl_29
control,5,0.92919,ego_ctrl_30
control,5,1.02286,ego_ctrl_31
control,5,0.93836,ego_ctrl_32
control,5,1.21959,ego_ctrl_33
control,5,1.0155,ego_ctrl_34
control,5,1.05174,ego_ctrl_35
control,5,0.9925,ego_ctrl_36
control,5,1.0344,ego_ctrl_37
control,5,1.1059,ego_ctrl_38
control,5,1.00843,ego_ctrl_39
control,5,1.07762,ego_ctrl_40
control,5,1.00365,ego_ctrl_41
control,5,1.20887,ego_ctrl_42
control,5,1.18636,ego_ctrl_43
control,5,0.99915,ego_ctrl_44
control,5,1.03012,ego_ctrl_45
control,5,1.0856,ego_ctrl_46
control,5,1.29011,ego_ctrl_47
control,5,1.12693,ego_ctrl_48
control,5,1.21608,ego_ctrl_49
control,5,1.00419,ego_ctrl_50
control,5,1.114,ego_ctrl_51
control,5,1.06199,ego_ctrl_52
control,5,1.0344,ego_ctrl_53
control,5,1.20505,ego_ctrl_54
control,5,1.0344,ego_ctrl_55
control,5,1.04697,ego_ctrl_56
control,5,1.04079,ego_ctrl_57
control,5,0.92795,ego_ctrl_58
control,5,0.99519,ego_ctrl_59
control,5,1.00854,ego_ctrl_60
control,5,1.14075,ego_ctrl_61
control,5,0.99778,ego_ctrl_62
control,5,1.05882,ego_ctrl_63
control,5,1.12137,ego_ctrl_64
control,5,1.1203,ego_ctrl_65
control,5,1.11854,ego_ctrl_66
control,5,1.02876,ego_ctrl_67
control,5,1.06456,ego_ctrl_68
control,5,1.20865,ego_ctrl_69
control,5,1.19682,ego_ctrl_70
control,5,1.13328,ego_ctrl_71
control,5,0,ego_ctrl_72
control,5,1.09811,ego_ctrl_73
control,5,1.21177,ego_ctrl_74
control,5,1.20677,ego_ctrl_75
control,5,1.07798,ego_ctrl_76
control,5,1.18449,ego_ctrl_77
control,5,1.13007,ego_ctrl_78
control,5,1.21591,ego_ctrl_79
control,5,1.12019,ego_ctrl_80
control,5,0.94341,ego_ctrl_81
control,5,1.04314,ego_ctrl_82
control,5,1.00449,ego_ctrl_83
control,5,1.21516,ego_ctrl_84
control,5,1.1307,ego_ctrl_85
control,5,1.10825,ego_ctrl_86
control,5,1.0131,ego_ctrl_87
control,5,1.19031,ego_ctrl_88
control,5,1.10572,ego_ctrl_89
control,5,1.16319,ego_ctrl_90
control,5,1.10778,ego_ctrl_91
control,5,0,ego_ctrl_92
control,5,1.15538,ego_ctrl_93
control,5,1.13053,ego_ctrl_94
control,5,1.11535,ego_ctrl_95
control,5,1.24714,ego_ctrl_96
control,5,0.98262,ego_ctrl_97
control,5,1.03039,ego_ctrl_98
control,5,1.07419,ego_ctrl_99
control,5,0.96764,ego_ctrl_100
control,5,1.16882,ego_ctrl_101
control,5,1.07078,ego_ctrl_102
control,5,1.02769,ego_ctrl_103
control,5,1.07126,ego_ctrl_104
control,5,1.07231,ego_ctrl_105
control,5,1.14092,ego_ctrl_106
control,5,1.085,ego_ctrl_107
control,5,0.96545,ego_ctrl_108
control,5,1.05064,ego_ctrl_109
control,5,1.13309,ego_ctrl_110
control,5,1.00297,ego_ctrl_111
control,5,1.24188,ego_ctrl_112
control,5,1.00971,ego_ctrl_113
control,5,1.05911,ego_ctrl_114
control,5,1.1613,ego_ctrl_115
control,5,1.07082,ego_ctrl_116
control,5,1.09039,ego_ctrl_117
control,5,1.06133,ego_ctrl_118
control,5,1.20644,ego_ctrl_119
control,5,1.23003,ego_ctrl_120
control,5,1.0236,ego_ctrl_121
control,5,1.08618,ego_ctrl_122
control,5,1.11607,ego_ctrl_123
control,5,1.08824,ego_ctrl_124
control,5,1.05583,ego_ctrl_125
control,5,1.1079,ego_ctrl_126
control,5,1.02413,ego_ctrl_127
control,5,1.17482,ego_ctrl_128
control,5,1.17528,ego_ctrl_129
control,5,1.04926,ego_ctrl_130
control,5,1.07583,ego_ctrl_131
control,5,1.02751,ego_ctrl_132
control,5,1.04015,ego_ctrl_133
control,5,1.19174,ego_ctrl_134
control,5,1.0557,ego_ctrl_135
control,5,1.14036,ego_ctrl_136
control,5,1.17636,ego_ctrl_137
control,5,0.96134,ego_ctrl_138
control,5,1.02216,ego_ctrl_139
control,5,1.07437,ego_ctrl_140
control,5,1.10151,ego_ctrl_141
control,5,0,ego_ctrl_142
control,5,1.0816,ego_ctrl_143
control,5,0.99032,ego_ctrl_144
control,5,1.04486,ego_ctrl_145
control,5,1.0114,ego_ctrl_146
control,5,1.2503,ego_ctrl_147
control,5,1.07806,ego_ctrl_148
control,5,1.08103,ego_ctrl_149
control,5,1.02221,ego_ctrl_150
control,5,0.98714,ego_ctrl_151
control,5,1.10442,ego_ctrl_152
control,5,1.14988,ego_ctrl_153
control,5,1.14092,ego_ctrl_154
control,5,1.10887,ego_ctrl_155
control,5,1.08439,ego_ctrl_156
control,5,0.91462,ego_ctrl_157
control,5,1.00094,ego_ctrl_158
control,5,1.20606,ego_ctrl_159
control,5,1.1494,ego_ctrl_160
control,5,1.01203,ego_ctrl_161
control,5,0.98626,ego_ctrl_162
control,5,1.10687,ego_ctrl_163
control,5,0.98997,ego_ctrl_164
control,5,0.91514,ego_ctrl_165
control,5,1.15002,ego_ctrl_166
control,5,0.99626,ego_ctrl_167
control,5,1.1,ego_ctrl_168
control,5,1.11176,ego_ctrl_169
control,5,1.03835,ego_ctrl_170
control,5,1.11322,ego_ctrl_171
control,5,1.01662,ego_ctrl_172
control,5,1.02382,ego_ctrl_173
control,5,1.16573,ego_ctrl_174
control,5,1.12374,ego_ctrl_175
control,5,0.99785,ego_ctrl_176
control,5,1.02907,ego_ctrl_177
control,5,1.07149,ego_ctrl_178
control,5,1.11946,ego_ctrl_179
control,5,1.02185,ego_ctrl_180
treatment,5,1.16526,ego_trt_1
treatment,5,1.12195,ego_trt_2
treatment,5,1.00618,ego_trt_3
treatment,5,1.17493,ego_trt_4
treatment,5,1.04023,ego_trt_5
treatment,5,1.07052,ego_trt_6
treatment,5,1.01603,ego_trt_7
treatment,5,1.20462,ego_trt_8
treatment,5,0.98252,ego_trt_9
treatment,5,1.10503,ego_trt_10
treatment,5,1.12221,ego_trt_11
treatment,5,1.07737,ego_trt_12
treatment,5,1.081,ego_trt_13
treatment,5,1.08035,ego_trt_14
treatment,5,1.06315,ego_trt_15
treatment,5,1.12439,ego_trt_16
treatment,5,0.99261,ego_trt_17
treatment,5,1.145,ego_trt_18
treatment,5,0.97211,ego_trt_19
treatment,5,1.14092,ego_trt_20
treatment,5,1.13981,ego_trt_21
treatment,5,1.01687,ego_trt_22
treatment,5,1.01761,ego_trt_23
treatment,5,1.05561,ego_trt_24
treatment,5,1.1075,ego_trt_25
treatment,5,1.05671,ego_trt_26
treatment,5,1.13041,ego_trt_27
treatment,5,0.97577,ego_trt_28
treatment,5,1.2005,ego_trt_29
treatment,5,1.00757,ego_trt_30
treatment,5,1.01687,ego_trt_31
treatment,5,1.06657,ego_trt_32
treatment,5,1.03705,ego_trt_33
treatment,5,1.21342,ego_trt_34
treatment,5,1.14092,ego_trt_35
treatment,5,1.14092,ego_trt_36
treatment,5,1.03268,ego_trt_37
treatment,5,1.03347,ego_trt_38
treatment,5,1.0712,ego_trt_39
treatment,5,1.05871,ego_trt_40
treatment,5,1.02876,ego_trt_41
treatment,5,1.14602,ego_trt_42
treatment,5,1.06763,ego_trt_43
treatment,5,1.07295,ego_trt_44
treatment,5,1.07458,ego_trt_45
treatment,5,1.04942,ego_trt_46
treatment,5,1.00139,ego_trt_47
treatment,5,1.02728,ego_trt_48
treatment,5,1.04206,ego_trt_49
treatment,5,1.16194,ego_trt_50
treatment,5,1.02968,ego_trt_51
treatment,5,1.29932,ego_trt_52
treatment,5,1.0344,ego_trt_53
treatment,5,1.06477,ego_trt_54
treatment,5,1.01963,ego_trt_55
treatment,5,1.0571,ego_trt_56
treatment,5,1.08007,ego_trt_57
treatment,5,1.12447,ego_trt_58
treatment,5,0.95365,ego_trt_59
treatment,5,1.07658,ego_trt_60
treatment,5,1.0926,ego_trt_61
treatment,5,1.04694,ego_trt_62
treatment,5,1.21356,ego_trt_63
treatment,5,1.01912,ego_trt_64
treatment,5,1.20572,ego_trt_65
treatment,5,1.21487,ego_trt_66
treatment,5,1.02389,ego_trt_67
treatment,5,1.12674,ego_trt_68
treatment,5,1.20704,ego_trt_69
treatment,5,1.0481,ego_trt_70
treatment,5,1.0344,ego_trt_71
treatment,5,0.96888,ego_trt_72
treatment,5,1.08329,ego_trt_73
treatment,5,1.1026,ego_trt_74
treatment,5,1.23227,ego_trt_75
treatment,5,1.1029,ego_trt_76
treatment,5,1.18734,ego_trt_77
treatment,5,0.97888,ego_trt_78
treatment,5,1.34872,ego_trt_79
treatment,5,1.03443,ego_trt_80
treatment,5,1.20575,ego_trt_81
treatment,5,1.12475,ego_trt_82
treatment,5,1.12508,ego_trt_83
treatment,5,1.07259,ego_trt_84
treatment,5,1.02373,ego_trt_85
treatment,5,1.03562,ego_trt_86
treatment,5,1.07137,ego_trt_87
treatment,5,1.21771,ego_trt_88
treatment,5,1.0861,ego_trt_89
treatment,5,1.15652,ego_trt_90
treatment,5,1.15852,ego_trt_91
treatment,5,1.07505,ego_trt_92
treatment,5,1.20969,ego_trt_93
treatment,5,1.01601,ego_trt_94
treatment,5,1.01436,ego_trt_95
treatment,5,1.03166,ego_trt_96
treatment,5,1.03529,ego_trt_97
treatment,5,1.06345,ego_trt_98
treatment,5,1.07737,ego_trt_99
treatment,5,1.20841,ego_trt_100
treatment,5,1.0375,ego_trt_101
treatment,5,1.1352,ego_trt_102
treatment,5,0.9475,ego_trt_103
treatment,5,1.13007,ego_trt_104
treatment,5,1.18793,ego_trt_105
treatment,5,0.95932,ego_trt_106
treatment,5,1.12874,ego_trt_107
treatment,5,1.04515,ego_trt_108
treatment,5,1.20865,ego_trt_109
treatment,5,1.05597,ego_trt_110
treatment,5,1.02603,ego_trt_111
treatment,5,1.01893,ego_trt_112
treatment,5,1.05926,ego_trt_113
treatment,5,1.12461,ego_trt_114
treatment,5,1.11975,ego_trt_115
treatment,5,1.20865,ego_trt_116
treatment,5,1.04876,ego_trt_117
treatment,5,1.03232,ego_trt_118
treatment,5,1.03952,ego_trt_119
treatment,5,1.04179,ego_trt_120
treatment,5,1.02933,ego_trt_121
treatment,5,0.90683,ego_trt_122
treatment,5,0.96069,ego_trt_123
treatment,5,1.04429,ego_trt_124
treatment,5,1.11727,ego_trt_125
treatment,5,1.01221,ego_trt_126
treatment,5,1.0176,ego_trt_127
treatment,5,1.17322,ego_trt_128
treatment,5,1.01687,ego_trt_129
treatment,5,1.20391,ego_trt_130
treatment,5,1.09485,ego_trt_131
treatment,5,1.17848,ego_trt_132
treatment,5,1.19014,ego_trt_133
treatment,5,1.03074,ego_trt_134
treatment,5,1.01165,ego_trt_135
treatment,5,1.13652,ego_trt_136
treatment,5,1.10513,ego_trt_137
treatment,5,1.12199,ego_trt_138
treatment,5,1.19682,ego_trt_139
treatment,5,1.0993,ego_trt_140
treatment,5,1.01221,ego_trt_141
treatment,5,1.17322,ego_trt_142
treatment,5,1.14092,ego_trt_143
treatment,5,0.92326,ego_trt_144
treatment,5,1.0512,ego_trt_145
treatment,5,1.01687,ego_trt_146
treatment,5,1.08481,ego_trt_147
treatment,5,1.05897,ego_trt_148
treatment,5,1.03892,ego_trt_149
treatment,5,1.04945,ego_trt_150
treatment,5,0.96654,ego_trt_151
treatment,5,1.03074,ego_trt_152
treatment,5,1.14134,ego_trt_153
treatment,5,1.14175,ego_trt_154
treatment,5,0.98449,ego_trt_155
treatment,5,1.14092,ego_trt_156
treatment,5,1.00782,ego_trt_157
treatment,5,1.15657,ego_trt_158
treatment,5,1.0996,ego_trt_159
treatment,5,1.09405,ego_trt_160
treatment,5,1.0156,ego_trt_161
treatment,5,1.14092,ego_trt_162
treatment,5,0.99165,ego_trt_163
treatment,5,1.29011,ego_trt_164
treatment,5,1.14092,ego_trt_165
treatment,5,1.0608,ego_trt_166
treatment,5,1.03111,ego_trt_167
treatment,5,1.12294,ego_trt_168
treatment,5,1.02167,ego_trt_169
treatment,5,1.09348,ego_trt_170
treatment,5,1.00644,ego_trt_171
treatment,5,1.05206,ego_trt_172
treatment,5,1.0987,ego_trt_173
treatment,5,1.14092,ego_trt_174
treatment,5,1.19682,ego_trt_175
treatment,5,1.1736,ego_trt_176
treatment,5,1.19682,ego_trt_177
treatment,5,1.16727,ego_trt_178
treatment,5,0.98657,ego_trt_179
treatment,5,1.0424,ego_trt_180